{
  "metadata": {
    "es": [
      0.2,
      0.1,
      0.05
    ],
    "total_buckets": [
      25,
      50,
      100
    ],
    "scores": "cum-reward",
    "env": "9-rooms",
    "spec": 13,
    "n_samples": 10000
  },
  "0.2": {
    "25": {
      "bucketed": {
        "path": [
          0,
          1,
          3,
          4,
          6,
          7,
          9,
          10,
          12
        ],
        "path_buckets": [
          0,
          5,
          0,
          0,
          0,
          20,
          0,
          0
        ],
        "path_score_quantiles": [
          0.9932514928045153,
          15.235206261138643,
          5.591901331179016,
          12.578410833113068,
          12.075786668939562,
          -8.600075093557507,
          11.979676499001854,
          15.047080146712009
        ],
        "max_path_score_quantile": 15.235206261138643
      },
      "all-paths": {
        "path": [
          0,
          1,
          3,
          4,
          6,
          7,
          9,
          10,
          12
        ],
        "min_path_scores": [
          0.42676177937786264,
          -8.226363204749166,
          -100,
          -100,
          -100,
          -9.150823216232908,
          -9.184024670145021,
          15.009004640441411
        ],
        "max_min_path_scores": 15.009004640441411
      },
      "bucketed-coverage": 0.8545,
      "all-paths-coverage": 0.8247
    },
    "50": {
      "bucketed": {
        "path": [
          0,
          1,
          3,
          4,
          6,
          7,
          9,
          10,
          12
        ],
        "path_buckets": [
          0,
          9,
          0,
          0,
          0,
          41,
          0,
          0
        ],
        "path_score_quantiles": [
          0.9932514928045153,
          15.398942539084501,
          5.591901331179016,
          12.578410833113068,
          12.075786668939562,
          -8.600075093557507,
          11.979676499001854,
          15.047080146712009
        ],
        "max_path_score_quantile": 15.398942539084501
      },
      "all-paths": {
        "path": [
          0,
          1,
          3,
          4,
          6,
          7,
          9,
          10,
          12
        ],
        "min_path_scores": [
          0.42676177937786264,
          -8.226363204749166,
          -100,
          -100,
          -100,
          -9.150823216232908,
          -9.184024670145021,
          15.009004640441411
        ],
        "max_min_path_scores": 15.009004640441411
      },
      "bucketed-coverage": 0.8611,
      "all-paths-coverage": 0.8247
    },
    "100": {
      "bucketed": {
        "path": [
          0,
          1,
          3,
          5,
          6,
          7,
          9,
          10,
          12
        ],
        "path_buckets": [
          0,
          28,
          28,
          0,
          3,
          41,
          0,
          0
        ],
        "path_score_quantiles": [
          0.9932514928045153,
          5.933229872657638,
          6.672986961698019,
          6.2641688128637005,
          9.33247379138953,
          6.106033145724247,
          5.91332490862758,
          15.234836853125472
        ],
        "max_path_score_quantile": 15.234836853125472
      },
      "all-paths": {
        "path": [
          0,
          1,
          3,
          4,
          6,
          7,
          9,
          10,
          12
        ],
        "min_path_scores": [
          0.42676177937786264,
          -8.226363204749166,
          -100,
          -100,
          -100,
          -9.150823216232908,
          -9.184024670145021,
          15.009004640441411
        ],
        "max_min_path_scores": 15.009004640441411
      },
      "bucketed-coverage": 0.8972,
      "all-paths-coverage": 0.8247
    }
  },
  "0.1": {
    "25": {
      "bucketed": {
        "path": [
          0,
          1,
          3,
          5,
          6,
          7,
          9,
          10,
          12
        ],
        "path_buckets": [
          0,
          7,
          0,
          0,
          0,
          18,
          0,
          0
        ],
        "path_score_quantiles": [
          0.9932514928045153,
          15.591901331179017,
          15.591901331179017,
          6.2641688128637005,
          9.33247379138953,
          15.320092023730947,
          5.91332490862758,
          15.234836853125472
        ],
        "max_path_score_quantile": 15.591901331179017
      },
      "all-paths": {
        "path": [
          0,
          1,
          3,
          5,
          6,
          7,
          9,
          10,
          12
        ],
        "min_path_scores": [
          0.6487969216062499,
          15.233777664518236,
          5.015054356221121,
          5.481499447698212,
          5.492321051312462,
          5.942464750780655,
          5.339278912953532,
          15.115884236905945
        ],
        "max_min_path_scores": 15.233777664518236
      },
      "bucketed-coverage": 0.954,
      "all-paths-coverage": 0.9183
    },
    "50": {
      "bucketed": {
        "path": [
          0,
          1,
          3,
          5,
          6,
          7,
          9,
          10,
          12
        ],
        "path_buckets": [
          14,
          0,
          0,
          0,
          0,
          36,
          0,
          0
        ],
        "path_score_quantiles": [
          0.9738786536984199,
          15.669967570846076,
          15.591901331179017,
          6.2641688128637005,
          9.33247379138953,
          15.320092023730947,
          5.91332490862758,
          15.234836853125472
        ],
        "max_path_score_quantile": 15.669967570846076
      },
      "all-paths": {
        "path": [
          0,
          1,
          3,
          5,
          6,
          7,
          9,
          10,
          12
        ],
        "min_path_scores": [
          0.6487969216062499,
          15.233777664518236,
          5.015054356221121,
          5.481499447698212,
          5.492321051312462,
          5.942464750780655,
          5.339278912953532,
          15.115884236905945
        ],
        "max_min_path_scores": 15.233777664518236
      },
      "bucketed-coverage": 0.9541,
      "all-paths-coverage": 0.9183
    },
    "100": {
      "bucketed": {
        "path": [
          0,
          1,
          3,
          5,
          6,
          7,
          9,
          10,
          12
        ],
        "path_buckets": [
          1,
          30,
          0,
          0,
          0,
          69,
          0,
          0
        ],
        "path_score_quantiles": [
          0.9932514928045153,
          15.591901331179017,
          15.591901331179017,
          6.2641688128637005,
          9.33247379138953,
          15.34770308909134,
          5.91332490862758,
          15.234836853125472
        ],
        "max_path_score_quantile": 15.591901331179017
      },
      "all-paths": {
        "path": [
          0,
          1,
          3,
          5,
          6,
          7,
          9,
          10,
          12
        ],
        "min_path_scores": [
          0.6487969216062499,
          15.233777664518236,
          5.015054356221121,
          5.481499447698212,
          5.492321051312462,
          5.942464750780655,
          5.339278912953532,
          15.115884236905945
        ],
        "max_min_path_scores": 15.233777664518236
      },
      "bucketed-coverage": 0.9575,
      "all-paths-coverage": 0.9183
    }
  },
  "0.05": {
    "25": {
      "bucketed": {
        "path": [
          0,
          1,
          3,
          5,
          6,
          7,
          9,
          10,
          12
        ],
        "path_buckets": [
          4,
          0,
          0,
          0,
          0,
          21,
          0,
          0
        ],