{
  "metadata": {
    "es": [
      0.2,
      0.1,
      0.05
    ],
    "total_buckets": [
      10,
      20,
      40,
      50,
      100
    ],
    "scores": "cum-reward",
    "env": "16-rooms-3",
    "spec": 13,
    "n_samples": 10000
  },
  "0.2": {
    "10": {
      "bucketed": {
        "path": [
          0,
          1,
          3,
          4,
          6,
          8,
          9,
          11,
          12
        ],
        "path_buckets": [
          1,
          0,
          1,
          2,
          2,
          1,
          2,
          1
        ],
        "path_score_quantiles": [
          -0.019803442556991513,
          -0.2894615056244447,
          -0.025449279630374022,
          -0.0289531541083079,
          -0.030881432153023525,
          -0.016959885406137687,
          -0.02595023135526553,
          -0.021928114516692965
        ],
        "max_path_score_quantile": -0.016959885406137687
      },
      "all-paths": {
        "path": [
          0,
          1,
          3,
          4,
          6,
          8,
          9,
          10,
          12
        ],
        "min_path_scores": [
          -0.19381634674498827,
          -0.6205628614161007,
          -0.21281573875991633,
          -0.9407121996046897,
          -0.6993230978089713,
          -0.027702449191695067,
          -0.4385679714851065,
          -0.17712020718123345
        ],
        "max_min_path_scores": -0.027702449191695067
      },
      "bucketed-coverage": 0.833,
      "all-paths-coverage": 0.8126
    },
    "20": {
      "bucketed": {
        "path": [
          0,
          1,
          3,
          4,
          6,
          8,
          9,
          11,
          12
        ],
        "path_buckets": [
          3,
          0,
          2,
          3,
          3,
          4,
          3,
          2
        ],
        "path_score_quantiles": [
          -0.02884003422925474,
          -0.2894615056244447,
          -0.025449279630374022,
          -0.024479319577579872,
          -0.025052684395575398,
          -0.027702449191695067,
          -0.021963878542528015,
          -0.021928114516692965
        ],
        "max_path_score_quantile": -0.021928114516692965
      },
      "all-paths": {
        "path": [
          0,
          1,
          3,
          4,
          6,
          8,
          9,
          10,
          12
        ],
        "min_path_scores": [
          -0.19381634674498827,
          -0.6205628614161007,
          -0.21281573875991633,
          -0.9407121996046897,
          -0.6993230978089713,
          -0.027702449191695067,
          -0.4385679714851065,
          -0.17712020718123345
        ],
        "max_min_path_scores": -0.027702449191695067
      },
      "bucketed-coverage": 0.8499,
      "all-paths-coverage": 0.8126
    },
    "40": {
      "bucketed": {
        "path": [
          0,
          1,
          3,
          4,
          6,
          8,
          9,
          10,
          12
        ],
        "path_buckets": [
          6,
          0,
          4,
          7,
          5,
          7,
          4,
          7
        ],
        "path_score_quantiles": [
          -0.02884003422925474,
          -0.2894615056244447,
          -0.025449279630374022,
          -0.02539132331111915,
          -0.025052684395575398,
          -0.027702449191695067,
          -0.026499572423897888,
          -0.03240130191926305
        ],
        "max_path_score_quantile": -0.025052684395575398
      },
      "all-paths": {
        "path": [
          0,
          1,
          3,
          4,
          6,
          8,
          9,
          10,
          12
        ],
        "min_path_scores": [
          -0.19381634674498827,
          -0.6205628614161007,
          -0.21281573875991633,
          -0.9407121996046897,
          -0.6993230978089713,
          -0.027702449191695067,
          -0.4385679714851065,
          -0.17712020718123345
        ],
        "max_min_path_scores": -0.027702449191695067
      },
      "bucketed-coverage": 0.8353,
      "all-paths-coverage": 0.8126
    },
    "50": {
      "bucketed": {
        "path": [
          0,
          1,
          3,
          4,
          6,
          8,
          9,
          10,
          12
        ],
        "path_buckets": [
          7,
          0,
          5,
          10,
          6,
          8,
          5,
          9
        ],
        "path_score_quantiles": [
          -0.027039185227621942,
          -0.2894615056244447,
          -0.025449279630374022,
          -0.0289531541083079,
          -0.025052684395575398,
          -0.027702449191695067,
          -0.026499572423897888,
          -0.03240130191926305
        ],
        "max_path_score_quantile": -0.025052684395575398
      },
      "all-paths": {
        "path": [
          0,
          1,
          3,
          4,
          6,
          8,
          9,
          10,
          12
        ],
        "min_path_scores": [
          -0.19381634674498827,
          -0.6205628614161007,
          -0.21281573875991633,
          -0.9407121996046897,
          -0.6993230978089713,
          -0.027702449191695067,
          -0.4385679714851065,
          -0.17712020718123345
        ],
        "max_min_path_scores": -0.027702449191695067
      },
      "bucketed-coverage": 0.8329,
      "all-paths-coverage": 0.8126
    },
    "100": {
      "bucketed": {
        "path": [
          0,
          1,
          3,
          4,
          6,
          8,
          9,
          10,
          12
        ],
        "path_buckets": [
          14,
          0,
          11,
          17,
          16,
          16,
          9,
          17
        ],
        "path_score_quantiles": [
          -0.027039185227621942,
          -0.2894615056244447,
          -0.026282198468940976,
          -0.02539132331111915,
          -0.030866874105178965,
          -0.027702449191695067,
          -0.026499572423897888,
          -0.03240130191926305
        ],
        "max_path_score_quantile": -0.02539132331111915
      },
      "all-paths": {
        "path": [
          0,
          1,
          3,
          4,
          6,
          8,
          9,
          10,
          12
        ],
        "min_path_scores": [
          -0.19381634674498827,
          -0.6205628614161007,
          -0.21281573875991633,
          -0.9407121996046897,
          -0.6993230978089713,
          -0.027702449191695067,
          -0.4385679714851065,
          -0.17712020718123345
        ],
        "max_min_path_scores": -0.027702449191695067
      },
      "bucketed-coverage": 0.8274,
      "all-paths-coverage": 0.8126
    }
  },
  "0.1": {
    "10": {
      "bucketed": {
        "path": [
          0,
          1,
          3,
          4,
          6,
          8,
          9,
          11,
          12
        ],
        "path_buckets": [
          1,
          0,
          1,
          3,
          1,
          0,
          2,
          2
        ],
        "path_score_quantiles": [
          -0.00996376799160359,
          -0.2894615056244447,
          -0.015462789845436475,
          -0.024479319577579872,
          -0.011159951173397076,
          -0.009491214845173346,
          -0.012349717337552413,
          -0.021928114516692965
        ],
        "max_path_score_quantile": -0.009491214845173346
      },
      "all-paths": {
        "path": [
          0,
          1,
          3,
          4,
          6,
          8,
          9,
          10,
          12
        ],
        "min_path_scores": [
          -0.5902905050074914,
          -0.3706683208985311,
          -0.16695416661493745,
          -0.47695089945920444,
          -0.8498194443863127,
          -0.09258327431650315,
          -0.13085639801973237,
          -0.013466658235025797
        ],
        "max_min_path_scores": -0.013466658235025797
      },
      "bucketed-coverage": 0.9226,