{
  "metadata": {
    "es": [
      0.1
    ],
    "total_buckets": [
      100
    ],
    "scores": "cum-reward",
    "env": "9-rooms",
    "spec": 0,
    "n_samples": 1000
  },
  "0.1": {
    "100": {
      "bucketed": {
        "path": [
          0,
          2,
          3
        ],
        "path_buckets": [
          100,
          0
        ],
        "path_score_quantiles": [
          -0.3320389868243198,
          -8.738183972030173
        ],
        "max_path_score_quantile": -0.3320389868243198
      },
      "all-paths": {
        "path": [
          0,
          2,
          3
        ],
        "min_path_scores": [
          -0.33089806226904356,
          -9.615988739697398
        ],
        "max_min_path_scores": -0.33089806226904356
      },
      "bucketed-coverage": 0.88,
      "all-paths-coverage": 0.905
    }
  }
}