{
  "metadata": {
    "es": [
      0.1
    ],
    "total_buckets": [
      100
    ],
    "scores": "cum-reward",
    "env": "9-rooms",
    "spec": 0,
    "n_samples": 1000
  },
  "0.1": {
    "100": {
      "bucketed": {
        "path": [
          0,
          1,
          3
        ],
        "path_buckets": [
          100,
          0
        ],
        "path_score_quantiles": [
          -0.10575395409568239,
          -8.736174460322045
        ],
        "max_path_score_quantile": -0.10575395409568239
      },
      "all-paths": {
        "path": [
          0,
          1,
          3
        ],
        "min_path_scores": [
          -0.10825432708833821,
          -9.45729496243795
        ],
        "max_min_path_scores": -0.10825432708833821
      },
      "bucketed-coverage": 0.902,
      "all-paths-coverage": 0.893
    }
  }
}