{
  "metadata": {
    "es": [
      0.2,
      0.1,
      0.05
    ],
    "total_buckets": [
      5,
      10,
      20,
      25,
      50,
      100
    ],
    "scores": "cum-reward",
    "env": "9-rooms",
    "spec": 5,
    "n_samples": 2000
  },
  "0.2": {
    "5": {
      "bucketed": {
        "path": [
          0,
          1,
          2,
          3,
          4,
          5
        ],
        "path_buckets": [
          0,
          0,
          1,
          2,
          2
        ],
        "path_score_quantiles": [
          0.013905467088706595,
          0.02749097557730032,
          0.022354008793480984,
          0.2586106083620905,
          0.16821698327323054
        ],
        "max_path_score_quantile": 0.2586106083620905
      },
      "all-paths": {
        "path": [
          0,
          1,
          2,
          3,
          6,
          7
        ],
        "min_path_scores": [
          -0.01383438077255194,
          -0.012334734770660254,
          -0.0017729147407757884,
          -0.01346809737929619,
          0.02504861363568798
        ],
        "max_min_path_scores": 0.02504861363568798
      },
      "bucketed-coverage": 0.817,
      "all-paths-coverage": 0.786
    },
    "10": {
      "bucketed": {
        "path": [
          0,
          1,
          2,
          3,
          4,
          5
        ],
        "path_buckets": [
          0,
          0,
          1,
          5,
          4
        ],
        "path_score_quantiles": [
          0.013905467088706595,
          0.02749097557730032,
          0.025017117381240683,
          0.1366360889821176,
          0.16821698327323054
        ],
        "max_path_score_quantile": 0.16821698327323054
      },
      "all-paths": {
        "path": [
          0,
          1,
          2,
          3,
          6,
          7
        ],
        "min_path_scores": [
          -0.01383438077255194,
          -0.012334734770660254,
          -0.0017729147407757884,
          -0.01346809737929619,
          0.02504861363568798
        ],
        "max_min_path_scores": 0.02504861363568798
      },
      "bucketed-coverage": 0.836,
      "all-paths-coverage": 0.786
    },
    "20": {
      "bucketed": {
        "path": [
          0,
          1,
          2,
          3,
          4,
          5
        ],
        "path_buckets": [
          0,
          0,
          1,
          10,
          9
        ],
        "path_score_quantiles": [
          0.013905467088706595,
          0.02749097557730032,
          0.025215510840398914,
          0.1366360889821176,
          0.10941138105275976
        ],
        "max_path_score_quantile": 0.1366360889821176
      },
      "all-paths": {
        "path": [
          0,
          1,
          2,
          3,
          6,
          7
        ],
        "min_path_scores": [
          -0.01383438077255194,
          -0.012334734770660254,
          -0.0017729147407757884,
          -0.01346809737929619,
          0.02504861363568798
        ],
        "max_min_path_scores": 0.02504861363568798
      },
      "bucketed-coverage": 0.84,
      "all-paths-coverage": 0.786
    },
    "25": {
      "bucketed": {
        "path": [
          0,
          1,
          2,
          3,
          4,
          5
        ],
        "path_buckets": [
          0,
          0,
          1,
          13,
          11
        ],
        "path_score_quantiles": [
          0.013905467088706595,
          0.02749097557730032,
          0.025215510841307465,
          0.05694969993927278,
          0.12080890359438735
        ],
        "max_path_score_quantile": 0.12080890359438735
      },
      "all-paths": {
        "path": [
          0,
          1,
          2,
          3,
          6,
          7
        ],
        "min_path_scores": [
          -0.01383438077255194,
          -0.012334734770660254,
          -0.0017729147407757884,
          -0.01346809737929619,
          0.02504861363568798
        ],
        "max_min_path_scores": 0.02504861363568798
      },
      "bucketed-coverage": 0.834,
      "all-paths-coverage": 0.786
    },
    "50": {
      "bucketed": {
        "path": [
          0,
          1,
          2,
          3,
          4,
          5
        ],
        "path_buckets": [
          0,
          0,
          1,
          26,
          23
        ],
        "path_score_quantiles": [
          0.013905467088706595,
          0.02749097557730032,
          0.02521551084258694,
          0.05694969993927278,
          0.0776111200578141
        ],
        "max_path_score_quantile": 0.0776111200578141
      },
      "all-paths": {
        "path": [
          0,
          1,
          2,
          3,
          6,
          7
        ],
        "min_path_scores": [
          -0.01383438077255194,
          -0.012334734770660254,
          -0.0017729147407757884,
          -0.01346809737929619,
          0.02504861363568798
        ],
        "max_min_path_scores": 0.02504861363568798
      },
      "bucketed-coverage": 0.831,
      "all-paths-coverage": 0.786
    },
    "100": {
      "bucketed": {
        "path": [
          0,
          1,
          2,
          3,
          4,
          5
        ],
        "path_buckets": [
          0,
          0,
          1,
          52,
          47
        ],
        "path_score_quantiles": [
          0.013905467088706595,
          0.02749097557730032,
          0.02521551084301865,
          0.05694969993927278,
          0.03287064361194418
        ],
        "max_path_score_quantile": 0.05694969993927278
      },
      "all-paths": {
        "path": [
          0,
          1,
          2,
          3,
          6,
          7
        ],
        "min_path_scores": [
          -0.01383438077255194,
          -0.012334734770660254,
          -0.0017729147407757884,
          -0.01346809737929619,
          0.02504861363568798
        ],
        "max_min_path_scores": 0.02504861363568798
      },
      "bucketed-coverage": 0.827,
      "all-paths-coverage": 0.786
    }
  },
  "0.1": {
    "5": {
      "bucketed": {
        "path": [
          0,
          1,
          2,
          3,
          4,
          5
        ],
        "path_buckets": [
          0,
          0,
          1,
          2,
          2
        ],
        "path_score_quantiles": [
          0.013905467088706595,
          0.02749097557730032,
          0.025017117381240683,
          0.3630836984001417,
          0.3628017878985613
        ],
        "max_path_score_quantile": 0.3630836984001417
      },
      "all-paths": {
        "path": [
          0,
          1,
          2,
          3,
          4,
          5
        ],
        "min_path_scores": [
          -0.01330110013501878,
          -0.014555851422286424,
          -0.002339940940060181,
          0.36059319573468135,
          -0.015210465338031616
        ],
        "max_min_path_scores": 0.36059319573468135
      },
      "bucketed-coverage": 0.914,
      "all-paths-coverage": 0.924
    },
    "10": {
      "bucketed": {
        "path": [
          0,
          1,
          2,
          3,
          4,
          5
        ],
        "path_buckets": [
          0,
          0,
          1,
          5,
          4
        ],
        "path_score_quantiles": [
          0.013905467088706595,
          0.02749097557730032,
          0.025215510840398914,
          0.3374242916106831,
          0.3628017878985613
        ],
        "max_path_score_quantile": 0.3628017878985613
      },
      "all-paths": {
        "path": [
          0,
          1,
          2,
          3,
          4,
          5
        ],
        "min_path_scores": [
          -0.01330110013501878,
          -0.014555851422286424,
          -0.002339940940060181,
          0.36059319573468135,
          -0.015210465338031616
        ],
        "max_min_path_scores": 0.36059319573468135
      },
      "bucketed-coverage": 0.914,