{
  "metadata": {
    "es": [
      0.2,
      0.1,
      0.05
    ],
    "total_buckets": [
      5,
      10,
      20,
      25,
      50,
      100
    ],
    "scores": "cum-reward",
    "env": "9-rooms",
    "spec": 5,
    "n_samples": 2000
  },
  "0.2": {
    "5": {
      "bucketed": {
        "path": [
          0,
          1,
          2,
          3,
          4,
          5
        ],
        "path_buckets": [
          0,
          0,
          1,
          2,
          2
        ],
        "path_score_quantiles": [
          0.015672619032698287,
          0.023490737801977794,
          0.023499165610546435,
          0.19800878582043185,
          0.32278407347321125
        ],
        "max_path_score_quantile": 0.32278407347321125
      },
      "all-paths": {
        "path": [
          0,
          1,
          2,
          3,
          6,
          7
        ],
        "min_path_scores": [
          -0.0045513323685874504,
          -0.018213838974935094,
          0.025035167502596323,
          -0.0012814412691319818,
          0.008320723497074167
        ],
        "max_min_path_scores": 0.025035167502596323
      }
    },
    "10": {
      "bucketed": {
        "path": [
          0,
          1,
          2,
          3,
          4,
          5
        ],
        "path_buckets": [
          0,
          0,
          1,
          4,
          5
        ],
        "path_score_quantiles": [
          0.015672619032698287,
          0.023490737801977794,
          0.024983028916091665,
          0.19800878582043185,
          0.17100492935534134
        ],
        "max_path_score_quantile": 0.19800878582043185
      },
      "all-paths": {
        "path": [
          0,
          1,
          2,
          3,
          6,
          7
        ],
        "min_path_scores": [
          -0.0045513323685874504,
          -0.018213838974935094,
          0.025035167502596323,
          -0.0012814412691319818,
          0.008320723497074167
        ],
        "max_min_path_scores": 0.025035167502596323
      }
    },
    "20": {
      "bucketed": {
        "path": [
          0,
          1,
          2,
          3,
          4,
          5
        ],
        "path_buckets": [
          0,
          0,
          1,
          9,
          10
        ],
        "path_score_quantiles": [
          0.015672619032698287,
          0.023490737801977794,
          0.025215510840397914,
          0.07207886619751754,
          0.17100492935534134
        ],
        "max_path_score_quantile": 0.17100492935534134
      },
      "all-paths": {
        "path": [
          0,
          1,
          2,
          3,
          6,
          7
        ],
        "min_path_scores": [
          -0.0045513323685874504,
          -0.018213838974935094,
          0.025035167502596323,
          -0.0012814412691319818,
          0.008320723497074167
        ],
        "max_min_path_scores": 0.025035167502596323
      }
    },
    "25": {
      "bucketed": {
        "path": [
          0,
          1,
          2,
          3,
          4,
          5
        ],
        "path_buckets": [
          0,
          0,
          1,
          11,
          13
        ],
        "path_score_quantiles": [
          0.015672619032698287,
          0.023490737801977794,
          0.02521551084039836,
          0.13371244161622303,
          0.1672226305808981
        ],
        "max_path_score_quantile": 0.1672226305808981
      },
      "all-paths": {
        "path": [
          0,
          1,
          2,
          3,
          6,
          7
        ],
        "min_path_scores": [
          -0.0045513323685874504,
          -0.018213838974935094,
          0.025035167502596323,
          -0.0012814412691319818,
          0.008320723497074167
        ],
        "max_min_path_scores": 0.025035167502596323
      }
    },
    "50": {
      "bucketed": {
        "path": [
          0,
          1,
          2,
          3,
          4,
          5
        ],
        "path_buckets": [
          0,
          0,
          1,
          22,
          27
        ],
        "path_score_quantiles": [
          0.015672619032698287,
          0.023490737801977794,
          0.02521551084193613,
          0.13371244161622303,
          0.09404373815093424
        ],
        "max_path_score_quantile": 0.13371244161622303
      },
      "all-paths": {
        "path": [
          0,
          1,
          2,
          3,
          6,
          7
        ],
        "min_path_scores": [
          -0.0045513323685874504,
          -0.018213838974935094,
          0.025035167502596323,
          -0.0012814412691319818,
          0.008320723497074167
        ],
        "max_min_path_scores": 0.025035167502596323
      }
    },
    "100": {
      "bucketed": {
        "path": [
          0,
          1,
          2,
          3,
          4,
          5
        ],
        "path_buckets": [
          0,
          0,
          1,
          45,
          54
        ],
        "path_score_quantiles": [
          0.015672619032698287,
          0.023490737801977794,
          0.025215510843618727,
          0.07207886619751754,
          0.09404373815093424
        ],
        "max_path_score_quantile": 0.09404373815093424
      },
      "all-paths": {
        "path": [
          0,
          1,
          2,
          3,
          6,
          7
        ],
        "min_path_scores": [
          -0.0045513323685874504,
          -0.018213838974935094,
          0.025035167502596323,
          -0.0012814412691319818,
          0.008320723497074167
        ],
        "max_min_path_scores": 0.025035167502596323
      }
    }
  },
  "0.1": {
    "5": {
      "bucketed": {
        "path": [
          0,
          1,
          2,
          3,
          4,
          5
        ],
        "path_buckets": [
          0,
          0,
          1,
          1,
          3
        ],
        "path_score_quantiles": [
          0.015672619032698287,
          0.023490737801977794,
          0.024983028916091665,
          0.3864457947505391,
          0.3536448268864011
        ],
        "max_path_score_quantile": 0.3864457947505391
      },
      "all-paths": {
        "path": [
          0,
          1,
          2,
          3,
          4,
          5
        ],
        "min_path_scores": [
          -0.016022024677876306,
          -0.021539203849815634,
          -0.0024937025630386023,
          0.34792244232679026,
          -0.00612745097720678
        ],
        "max_min_path_scores": 0.34792244232679026
      }
    },
    "10": {
      "bucketed": {
        "path": [
          0,
          1,
          2,
          3,
          4,
          5
        ],
        "path_buckets": [
          0,
          0,
          1,
          4,
          5
        ],
        "path_score_quantiles": [
          0.015672619032698287,
          0.023490737801977794,
          0.025215510840397914,
          0.3553109308420516,
          0.36280178789856143
        ],
        "max_path_score_quantile": 0.36280178789856143
      },
      "all-paths": {
        "path": [
          0,
          1,
          2,
          3,
          4,
          5
        ],
        "min_path_scores": [
          -0.016022024677876306,
          -0.021539203849815634,
          -0.0024937025630386023,
          0.34792244232679026,
          -0.00612745097720678
        ],
        "max_min_path_scores": 0.34792244232679026
      }
    },
    "20": {
      "bucketed": {
        "path": [
          0,
          1,
          2,
          3,
          4,
          5
        ],
        "path_buckets": [
          0,
          0,
          1,
          8,
          11
        ],
        "path_score_quantiles": [
          0.015672619032698287,
          0.023490737801977794,
          0.025215510840407407,
          0.3553109308420516,
          0.3561786365118427
        ],
        "max_path_score_quantile": 0.3561786365118427
      },